-- phpMyAdmin SQL Dump
-- version 5.2.1
-- https://www.phpmyadmin.net/
--
-- Host: 127.0.0.1
-- Generation Time: Jul 12, 2023 at 11:29 AM
-- Server version: 10.4.28-MariaDB
-- PHP Version: 8.0.28

SET SQL_MODE = "NO_AUTO_VALUE_ON_ZERO";
START TRANSACTION;
SET time_zone = "+00:00";


/*!40101 SET @OLD_CHARACTER_SET_CLIENT=@@CHARACTER_SET_CLIENT */;
/*!40101 SET @OLD_CHARACTER_SET_RESULTS=@@CHARACTER_SET_RESULTS */;
/*!40101 SET @OLD_COLLATION_CONNECTION=@@COLLATION_CONNECTION */;
/*!40101 SET NAMES utf8mb4 */;

--
-- Database: `tms_db`
--

-- --------------------------------------------------------

--
-- Table structure for table `concept`
--

CREATE TABLE `concept` (
  `numA` int(100) NOT NULL,
  `numB` int(100) NOT NULL
) ENGINE=InnoDB DEFAULT CHARSET=utf8mb4 COLLATE=utf8mb4_general_ci;

--
-- Dumping data for table `concept`
--

INSERT INTO `concept` (`numA`, `numB`) VALUES
(8, 6),
(8, 8),
(8, 2);

-- --------------------------------------------------------

--
-- Table structure for table `project_list`
--

CREATE TABLE `project_list` (
  `id` int(100) NOT NULL,
  `title` varchar(100) DEFAULT NULL,
  `owner` varchar(100) DEFAULT NULL,
  `lead` varchar(100) DEFAULT NULL,
  `numberA` int(100) NOT NULL,
  `numberB` int(100) NOT NULL,
  `numberCONA` int(100) NOT NULL,
  `numberCONB` int(100) NOT NULL,
  `numberTA` int(100) NOT NULL,
  `numberTB` int(100) NOT NULL,
  `numberDAA` int(100) NOT NULL,
  `numberDAB` int(100) NOT NULL,
  `numberMA` int(100) NOT NULL,
  `numberMB` int(100) NOT NULL,
  `numberVA` int(100) NOT NULL,
  `numberVB` int(100) NOT NULL
) ENGINE=InnoDB DEFAULT CHARSET=utf8mb4 COLLATE=utf8mb4_general_ci;

--
-- Dumping data for table `project_list`
--

INSERT INTO `project_list` (`id`, `title`, `owner`, `lead`, `numberA`, `numberB`, `numberCONA`, `numberCONB`, `numberTA`, `numberTB`, `numberDAA`, `numberDAB`, `numberMA`, `numberMB`, `numberVA`, `numberVB`) VALUES
(1, 'BES', 'vineet', 'animesh', 9, 1, 0, 0, 0, 0, 0, 0, 0, 0, 0, 0),
(2, 'Bes library', 'animesh', 'vineet', 8, 10, 0, 0, 0, 0, 0, 0, 0, 0, 0, 0),
(3, 'BES works', 'ABC', 'BCA', 10, 10, 0, 0, 0, 0, 0, 0, 0, 0, 0, 0),
(4, 'XYZ', 'ZYX', 'AABB', 2, 0, 0, 0, 0, 0, 0, 0, 0, 0, 0, 0),
(5, 'aabb', 'bbcc', 'ccdd', 24, 20, 0, 0, 0, 0, 0, 0, 0, 0, 0, 0),
(6, 'choudhary', 'bhatt', 'animesh', 12, 12, 0, 0, 0, 0, 0, 0, 0, 0, 0, 0);

-- --------------------------------------------------------

--
-- Table structure for table `project_list1`
--

CREATE TABLE `project_list1` (
  `id` int(30) NOT NULL,
  `title` varchar(200) NOT NULL,
  `owner` varchar(100) DEFAULT NULL,
  `lead` varchar(100) DEFAULT NULL,
  `description` text NOT NULL,
  `status` tinyint(2) NOT NULL,
  `start_date` date NOT NULL,
  `end_date` date NOT NULL,
  `manager_id` int(30) NOT NULL,
  `user_ids` text NOT NULL,
  `date_created` datetime NOT NULL DEFAULT current_timestamp()
) ENGINE=InnoDB DEFAULT CHARSET=utf8mb4 COLLATE=utf8mb4_general_ci;

--
-- Dumping data for table `project_list1`
--

INSERT INTO `project_list1` (`id`, `name`, `owner`, `lead`, `description`, `status`, `start_date`, `end_date`, `manager_id`, `user_ids`, `date_created`) VALUES
(5, 'BEs', 'vineet', 'animesh', '', 0, '0000-00-00', '0000-00-00', 0, '', '2023-07-07 15:17:26');

-- --------------------------------------------------------

--
-- Table structure for table `system_settings`
--

CREATE TABLE `system_settings` (
  `id` int(30) NOT NULL,
  `title` text NOT NULL,
  `email` varchar(200) NOT NULL,
  `contact` varchar(20) NOT NULL,
  `address` text NOT NULL,
  `cover_img` text NOT NULL
) ENGINE=InnoDB DEFAULT CHARSET=utf8mb4 COLLATE=utf8mb4_general_ci;

--
-- Dumping data for table `system_settings`
--

INSERT INTO `system_settings` (`id`, `title`, `email`, `contact`, `address`, `cover_img`) VALUES
(1, 'Task Management System', 'info@sample.comm', '+6948 8542 623', '2102  Caldwell Road, Rochester, New York, 14608', '');

-- --------------------------------------------------------

--
-- Table structure for table `task_list`
--

CREATE TABLE `task_list` (
  `id` int(30) NOT NULL,
  `project_id` int(30) NOT NULL,
  `task` varchar(200) NOT NULL,
  `description` text NOT NULL,
  `status` tinyint(4) NOT NULL,
  `date_created` datetime NOT NULL DEFAULT current_timestamp()
) ENGINE=InnoDB DEFAULT CHARSET=utf8mb4 COLLATE=utf8mb4_general_ci;

--
-- Dumping data for table `task_list`
--

INSERT INTO `task_list` (`id`, `project_id`, `task`, `description`, `status`, `date_created`) VALUES
(1, 1, 'Sample Task 1', '								&lt;span style=&quot;color: rgb(0, 0, 0); font-family: &amp;quot;Open Sans&amp;quot;, Arial, sans-serif; font-size: 14px; text-align: justify;&quot;&gt;Fusce ullamcorper mattis semper. Nunc vel risus ipsum. Sed maximus dapibus nisl non laoreet. Pellentesque quis mauris odio. Donec fermentum facilisis odio, sit amet aliquet purus scelerisque eget.&amp;nbsp;&lt;/span&gt;													', 3, '2020-12-03 11:08:58'),
(2, 1, 'Sample Task 2', 'Sample Task 2							', 1, '2020-12-03 13:50:15'),
(3, 2, 'Task Test', 'Sample', 1, '2020-12-03 13:52:25'),
(4, 2, 'test 23', 'Sample test 23', 1, '2020-12-03 13:52:40');

-- --------------------------------------------------------

--
-- Table structure for table `users`
--

CREATE TABLE `users` (
  `id` int(30) NOT NULL,
  `firstname` varchar(200) NOT NULL,
  `lastname` varchar(200) NOT NULL,
  `email` varchar(200) NOT NULL,
  `password` text NOT NULL,
  `type` tinyint(1) NOT NULL DEFAULT 2 COMMENT '1 = admin, 2 = staff',
  `avatar` text NOT NULL DEFAULT 'no-image-available.png',
  `date_created` datetime NOT NULL DEFAULT current_timestamp()
) ENGINE=InnoDB DEFAULT CHARSET=utf8mb4 COLLATE=utf8mb4_general_ci;

--
-- Dumping data for table `users`
--

INSERT INTO `users` (`id`, `firstname`, `lastname`, `email`, `password`, `type`, `avatar`, `date_created`) VALUES
(1, 'Administrator', '', 'admin@admin.com', '0192023a7bbd73250516f069df18b500', 1, 'no-image-available.png', '2020-11-26 10:57:04'),
(2, 'John', 'Smith', 'jsmith@sample.com', '1254737c076cf867dc53d60a0364f38e', 2, '1606978560_avatar.jpg', '2020-12-03 09:26:03'),
(3, 'Claire', 'Blake', 'cblake@sample.com', '4744ddea876b11dcb1d169fadf494418', 3, '1606958760_47446233-clean-noir-et-gradient-sombre-image-de-fond-abstrait-.jpg', '2020-12-03 09:26:42'),
(4, 'George', 'Wilson', 'gwilson@sample.com', 'd40242fb23c45206fadee4e2418f274f', 3, '1606963560_avatar.jpg', '2020-12-03 10:46:41'),
(5, 'Mike', 'Williams', 'mwilliams@sample.com', '3cc93e9a6741d8b40460457139cf8ced', 3, '1606963620_47446233-clean-noir-et-gradient-sombre-image-de-fond-abstrait-.jpg', '2020-12-03 10:47:06');

-- --------------------------------------------------------

--
-- Table structure for table `user_productivity`
--

CREATE TABLE `user_productivity` (
  `id` int(30) NOT NULL,
  `project_id` int(30) NOT NULL,
  `task_id` int(30) NOT NULL,
  `comment` text NOT NULL,
  `subject` varchar(200) NOT NULL,
  `date` date NOT NULL,
  `start_time` time NOT NULL,
  `end_time` time NOT NULL,
  `user_id` int(30) NOT NULL,
  `time_rendered` float NOT NULL,
  `date_created` datetime NOT NULL DEFAULT current_timestamp()
) ENGINE=InnoDB DEFAULT CHARSET=utf8mb4 COLLATE=utf8mb4_general_ci;

--
-- Dumping data for table `user_productivity`
--

INSERT INTO `user_productivity` (`id`, `project_id`, `task_id`, `comment`, `subject`, `date`, `start_time`, `end_time`, `user_id`, `time_rendered`, `date_created`) VALUES
(1, 1, 1, '							&lt;p&gt;Sample Progress&lt;/p&gt;&lt;ul&gt;&lt;li&gt;Test 1&lt;/li&gt;&lt;li&gt;Test 2&lt;/li&gt;&lt;li&gt;Test 3&lt;/li&gt;&lt;/ul&gt;																			', 'Sample Progress', '2020-12-03', '08:00:00', '10:00:00', 1, 2, '2020-12-03 12:13:28'),
(2, 1, 1, '							Sample Progress						', 'Sample Progress 2', '2020-12-03', '13:00:00', '14:00:00', 1, 1, '2020-12-03 13:48:28'),
(3, 1, 2, '							Sample						', 'Test', '2020-12-03', '08:00:00', '09:00:00', 5, 1, '2020-12-03 13:57:22'),
(4, 1, 2, 'asdasdasd', 'Sample Progress', '2020-12-02', '08:00:00', '10:00:00', 2, 2, '2020-12-03 14:36:30');

--
-- Indexes for dumped tables
--

--
-- Indexes for table `project_list`
--
ALTER TABLE `project_list`
  ADD PRIMARY KEY (`id`);

--
-- Indexes for table `project_list1`
--
ALTER TABLE `project_list1`
  ADD PRIMARY KEY (`id`);

--
-- Indexes for table `system_settings`
--
ALTER TABLE `system_settings`
  ADD PRIMARY KEY (`id`);

--
-- Indexes for table `task_list`
--
ALTER TABLE `task_list`
  ADD PRIMARY KEY (`id`);

--
-- Indexes for table `users`
--
ALTER TABLE `users`
  ADD PRIMARY KEY (`id`);

--
-- Indexes for table `user_productivity`
--
ALTER TABLE `user_productivity`
  ADD PRIMARY KEY (`id`);

--
-- AUTO_INCREMENT for dumped tables
--

--
-- AUTO_INCREMENT for table `project_list`
--
ALTER TABLE `project_list`
  MODIFY `id` int(100) NOT NULL AUTO_INCREMENT, AUTO_INCREMENT=7;

--
-- AUTO_INCREMENT for table `project_list1`
--
ALTER TABLE `project_list1`
  MODIFY `id` int(30) NOT NULL AUTO_INCREMENT, AUTO_INCREMENT=6;

--
-- AUTO_INCREMENT for table `system_settings`
--
ALTER TABLE `system_settings`
  MODIFY `id` int(30) NOT NULL AUTO_INCREMENT, AUTO_INCREMENT=2;

--
-- AUTO_INCREMENT for table `task_list`
--
ALTER TABLE `task_list`
  MODIFY `id` int(30) NOT NULL AUTO_INCREMENT, AUTO_INCREMENT=5;

--
-- AUTO_INCREMENT for table `users`
--
ALTER TABLE `users`
  MODIFY `id` int(30) NOT NULL AUTO_INCREMENT, AUTO_INCREMENT=6;

--
-- AUTO_INCREMENT for table `user_productivity`
--
ALTER TABLE `user_productivity`
  MODIFY `id` int(30) NOT NULL AUTO_INCREMENT, AUTO_INCREMENT=5;
COMMIT;

/*!40101 SET CHARACTER_SET_CLIENT=@OLD_CHARACTER_SET_CLIENT */;
/*!40101 SET CHARACTER_SET_RESULTS=@OLD_CHARACTER_SET_RESULTS */;
/*!40101 SET COLLATION_CONNECTION=@OLD_COLLATION_CONNECTION */;
